{
  "generated_at": "20260706T202158Z",
  "n_capture_files": 31,
  "n_unique_markets": 4386,
  "n_resolved": 4050,
  "summary": {
    "climatology": {
      "n": 4050,
      "base_rate": 0.16666666666666666,
      "accuracy_at_0.5": 0.7195061728395061,
      "brier_score": 0.17248892705713917,
      "brier_baseline_constant": 0.1388888888888889,
      "brier_skill_score": -0.241920274811402,
      "log_loss": 0.5513447087142834,
      "top1": {
        "n_events": 675,
        "top1_correct": 124,
        "top1_accuracy": 0.1837037037037037
      }
    },
    "forecast_blend": {
      "n": 4050,
      "base_rate": 0.16666666666666666,
      "accuracy_at_0.5": 0.8348148148148148,
      "brier_score": 0.13977925653719375,
      "brier_baseline_constant": 0.1388888888888889,
      "brier_skill_score": -0.006410647067794928,
      "log_loss": 0.45108858202010066,
      "top1": {
        "n_events": 675,
        "top1_correct": 157,
        "top1_accuracy": 0.2325925925925926
      }
    },
    "ensemble": {
      "n": 4050,
      "base_rate": 0.16666666666666666,
      "accuracy_at_0.5": 0.8387654320987654,
      "brier_score": 0.11998887497852678,
      "brier_baseline_constant": 0.1388888888888889,
      "brier_skill_score": 0.13608010015460725,
      "log_loss": 0.38013335888155814,
      "top1": {
        "n_events": 675,
        "top1_correct": 260,
        "top1_accuracy": 0.3851851851851852
      }
    },
    "kalshi_mid": {
      "n": 4050,
      "base_rate": 0.16666666666666666,
      "accuracy_at_0.5": 0.8758024691358025,
      "brier_score": 0.08624411111111112,
      "brier_baseline_constant": 0.1388888888888889,
      "brier_skill_score": 0.3790424,
      "log_loss": 0.2746845757249037
    }
  }
}