{
  "generated_at": "20260622T211128Z",
  "n_capture_files": 18,
  "n_unique_markets": 2346,
  "n_resolved": 2010,
  "summary": {
    "climatology": {
      "n": 2010,
      "base_rate": 0.16666666666666666,
      "accuracy_at_0.5": 0.7373134328358208,
      "brier_score": 0.169023400103769,
      "brier_baseline_constant": 0.1388888888888889,
      "brier_skill_score": -0.21696848074713682,
      "log_loss": 0.541474219404122,
      "top1": {
        "n_events": 335,
        "top1_correct": 58,
        "top1_accuracy": 0.17313432835820897
      }
    },
    "forecast_blend": {
      "n": 2010,
      "base_rate": 0.16666666666666666,
      "accuracy_at_0.5": 0.8318407960199005,
      "brier_score": 0.14141611984882474,
      "brier_baseline_constant": 0.1388888888888889,
      "brier_skill_score": -0.01819606291153808,
      "log_loss": 0.4555624429446294,
      "top1": {
        "n_events": 335,
        "top1_correct": 76,
        "top1_accuracy": 0.22686567164179106
      }
    },
    "ensemble": {
      "n": 2010,
      "base_rate": 0.16666666666666666,
      "accuracy_at_0.5": 0.8398009950248756,
      "brier_score": 0.1229312006948719,
      "brier_baseline_constant": 0.1388888888888889,
      "brier_skill_score": 0.11489535499692238,
      "log_loss": 0.3890117070254613,
      "top1": {
        "n_events": 335,
        "top1_correct": 117,
        "top1_accuracy": 0.3492537313432836
      }
    },
    "kalshi_mid": {
      "n": 2010,
      "base_rate": 0.16666666666666666,
      "accuracy_at_0.5": 0.8880597014925373,
      "brier_score": 0.07738696517412935,
      "brier_baseline_constant": 0.1388888888888889,
      "brier_skill_score": 0.44281385074626867,
      "log_loss": 0.24816425217250615
    }
  }
}