{
  "generated_at": "20260628T194725Z",
  "n_capture_files": 23,
  "n_unique_markets": 3216,
  "n_resolved": 2982,
  "summary": {
    "climatology": {
      "n": 2982,
      "base_rate": 0.16666666666666666,
      "accuracy_at_0.5": 0.7401073105298458,
      "brier_score": 0.16705410167405155,
      "brier_baseline_constant": 0.1388888888888889,
      "brier_skill_score": -0.20278953205317118,
      "log_loss": 0.5344944044761878,
      "top1": {
        "n_events": 497,
        "top1_correct": 97,
        "top1_accuracy": 0.19517102615694165
      }
    },
    "forecast_blend": {
      "n": 2982,
      "base_rate": 0.16666666666666666,
      "accuracy_at_0.5": 0.8340040241448692,
      "brier_score": 0.13985666081602333,
      "brier_baseline_constant": 0.1388888888888889,
      "brier_skill_score": -0.006967957875367858,
      "log_loss": 0.45085318720745754,
      "top1": {
        "n_events": 497,
        "top1_correct": 116,
        "top1_accuracy": 0.23340040241448692
      }
    },
    "ensemble": {
      "n": 2982,
      "base_rate": 0.16666666666666666,
      "accuracy_at_0.5": 0.8403755868544601,
      "brier_score": 0.11959956861538514,
      "brier_baseline_constant": 0.1388888888888889,
      "brier_skill_score": 0.13888310596922704,
      "log_loss": 0.37975188278818894,
      "top1": {
        "n_events": 497,
        "top1_correct": 193,
        "top1_accuracy": 0.38832997987927564
      }
    },
    "kalshi_mid": {
      "n": 2982,
      "base_rate": 0.16666666666666666,
      "accuracy_at_0.5": 0.8779342723004695,
      "brier_score": 0.08449829812206573,
      "brier_baseline_constant": 0.1388888888888889,
      "brier_skill_score": 0.3916122535211267,
      "log_loss": 0.2683293956044276
    }
  }
}