{
  "generated_at": "20260617T130825Z",
  "n_capture_files": 12,
  "n_unique_markets": 1404,
  "n_resolved": 1212,
  "summary": {
    "climatology": {
      "n": 1212,
      "base_rate": 0.16666666666666666,
      "accuracy_at_0.5": 0.7458745874587459,
      "brier_score": 0.17361690404120486,
      "brier_baseline_constant": 0.1388888888888889,
      "brier_skill_score": -0.2500417090966749,
      "log_loss": 0.5590683325067372,
      "top1": {
        "n_events": 202,
        "top1_correct": 28,
        "top1_accuracy": 0.13861386138613863
      }
    },
    "forecast_blend": {
      "n": 1212,
      "base_rate": 0.16666666666666666,
      "accuracy_at_0.5": 0.8283828382838284,
      "brier_score": 0.14517725965930667,
      "brier_baseline_constant": 0.1388888888888889,
      "brier_skill_score": -0.04527626954700792,
      "log_loss": 0.4671559564237256,
      "top1": {
        "n_events": 202,
        "top1_correct": 40,
        "top1_accuracy": 0.19801980198019803
      }
    },
    "ensemble": {
      "n": 1212,
      "base_rate": 0.16666666666666666,
      "accuracy_at_0.5": 0.8382838283828383,
      "brier_score": 0.1249775407385777,
      "brier_baseline_constant": 0.1388888888888889,
      "brier_skill_score": 0.10016170668224067,
      "log_loss": 0.3944891408116871,
      "top1": {
        "n_events": 202,
        "top1_correct": 64,
        "top1_accuracy": 0.31683168316831684
      }
    },
    "kalshi_mid": {
      "n": 1212,
      "base_rate": 0.16666666666666666,
      "accuracy_at_0.5": 0.8952145214521452,
      "brier_score": 0.07159490511551156,
      "brier_baseline_constant": 0.1388888888888889,
      "brier_skill_score": 0.48451668316831675,
      "log_loss": 0.23125167633825555
    }
  }
}