{
  "generated_at": "20260619T201119Z",
  "n_capture_files": 15,
  "n_unique_markets": 1842,
  "n_resolved": 1506,
  "summary": {
    "climatology": {
      "n": 1506,
      "base_rate": 0.16666666666666666,
      "accuracy_at_0.5": 0.7416998671978752,
      "brier_score": 0.1726783856838468,
      "brier_baseline_constant": 0.1388888888888889,
      "brier_skill_score": -0.24328437692369698,
      "log_loss": 0.5535487177271212,
      "top1": {
        "n_events": 251,
        "top1_correct": 38,
        "top1_accuracy": 0.15139442231075698
      }
    },
    "forecast_blend": {
      "n": 1506,
      "base_rate": 0.16666666666666666,
      "accuracy_at_0.5": 0.8273572377158035,
      "brier_score": 0.14465665607527328,
      "brier_baseline_constant": 0.1388888888888889,
      "brier_skill_score": -0.041527923741967676,
      "log_loss": 0.4641616716569474,
      "top1": {
        "n_events": 251,
        "top1_correct": 51,
        "top1_accuracy": 0.20318725099601595
      }
    },
    "ensemble": {
      "n": 1506,
      "base_rate": 0.16666666666666666,
      "accuracy_at_0.5": 0.8339973439575034,
      "brier_score": 0.12575801326343,
      "brier_baseline_constant": 0.1388888888888889,
      "brier_skill_score": 0.09454230450330403,
      "log_loss": 0.396216093671855,
      "top1": {
        "n_events": 251,
        "top1_correct": 82,
        "top1_accuracy": 0.32669322709163345
      }
    },
    "kalshi_mid": {
      "n": 1506,
      "base_rate": 0.16666666666666666,
      "accuracy_at_0.5": 0.8877822045152722,
      "brier_score": 0.07607558100929615,
      "brier_baseline_constant": 0.1388888888888889,
      "brier_skill_score": 0.4522558167330677,
      "log_loss": 0.2445590445847084
    }
  }
}