{
  "generated_at": "20260711T193148Z",
  "n_capture_files": 36,
  "n_unique_markets": 5088,
  "n_resolved": 4884,
  "summary": {
    "climatology": {
      "n": 4884,
      "base_rate": 0.16666666666666666,
      "accuracy_at_0.5": 0.7203112203112203,
      "brier_score": 0.17215690979406728,
      "brier_baseline_constant": 0.1388888888888889,
      "brier_skill_score": -0.23952975051728442,
      "log_loss": 0.5490677654682574,
      "top1": {
        "n_events": 814,
        "top1_correct": 149,
        "top1_accuracy": 0.18304668304668303
      }
    },
    "forecast_blend": {
      "n": 4884,
      "base_rate": 0.16666666666666666,
      "accuracy_at_0.5": 0.8343570843570843,
      "brier_score": 0.14007665307781955,
      "brier_baseline_constant": 0.1388888888888889,
      "brier_skill_score": -0.008551902160300662,
      "log_loss": 0.45195733773912783,
      "top1": {
        "n_events": 814,
        "top1_correct": 188,
        "top1_accuracy": 0.23095823095823095
      }
    },
    "ensemble": {
      "n": 4884,
      "base_rate": 0.16666666666666666,
      "accuracy_at_0.5": 0.8370188370188371,
      "brier_score": 0.12141290362312082,
      "brier_baseline_constant": 0.1388888888888889,
      "brier_skill_score": 0.12582709391353009,
      "log_loss": 0.38659872357040465,
      "top1": {
        "n_events": 814,
        "top1_correct": 307,
        "top1_accuracy": 0.37714987714987713
      }
    },
    "kalshi_mid": {
      "n": 4884,
      "base_rate": 0.16666666666666666,
      "accuracy_at_0.5": 0.8757166257166257,
      "brier_score": 0.08723457207207207,
      "brier_baseline_constant": 0.1388888888888889,
      "brier_skill_score": 0.3719110810810812,
      "log_loss": 0.2782937669117365
    }
  }
}