{
  "generated_at": "20260708T195236Z",
  "n_capture_files": 33,
  "n_unique_markets": 4650,
  "n_resolved": 4380,
  "summary": {
    "climatology": {
      "n": 4380,
      "base_rate": 0.16666666666666666,
      "accuracy_at_0.5": 0.7166666666666667,
      "brier_score": 0.17276296149464285,
      "brier_baseline_constant": 0.1388888888888889,
      "brier_skill_score": -0.2438933227614284,
      "log_loss": 0.5506411019468763,
      "top1": {
        "n_events": 730,
        "top1_correct": 134,
        "top1_accuracy": 0.18356164383561643
      }
    },
    "forecast_blend": {
      "n": 4380,
      "base_rate": 0.16666666666666666,
      "accuracy_at_0.5": 0.8342465753424657,
      "brier_score": 0.1401356717456545,
      "brier_baseline_constant": 0.1388888888888889,
      "brier_skill_score": -0.008976836568712399,
      "log_loss": 0.45191735044250775,
      "top1": {
        "n_events": 730,
        "top1_correct": 168,
        "top1_accuracy": 0.23013698630136986
      }
    },
    "ensemble": {
      "n": 4380,
      "base_rate": 0.16666666666666666,
      "accuracy_at_0.5": 0.8360730593607306,
      "brier_score": 0.12151854816109238,
      "brier_baseline_constant": 0.1388888888888889,
      "brier_skill_score": 0.12506645324013488,
      "log_loss": 0.38511025610915517,
      "top1": {
        "n_events": 730,
        "top1_correct": 277,
        "top1_accuracy": 0.37945205479452054
      }
    },
    "kalshi_mid": {
      "n": 4380,
      "base_rate": 0.16666666666666666,
      "accuracy_at_0.5": 0.8746575342465753,
      "brier_score": 0.08753441780821918,
      "brier_baseline_constant": 0.1388888888888889,
      "brier_skill_score": 0.36975219178082197,
      "log_loss": 0.27834483456407905
    }
  }
}