{
  "generated_at": "20260723T194611Z",
  "n_capture_files": 48,
  "n_unique_markets": 6438,
  "n_resolved": 6006,
  "summary": {
    "climatology": {
      "n": 6006,
      "base_rate": 0.16666666666666666,
      "accuracy_at_0.5": 0.7006327006327007,
      "brier_score": 0.1748207695590466,
      "brier_baseline_constant": 0.1388888888888889,
      "brier_skill_score": -0.2587095408251354,
      "log_loss": 0.5534388096713653,
      "top1": {
        "n_events": 1001,
        "top1_correct": 177,
        "top1_accuracy": 0.17682317682317683
      }
    },
    "forecast_blend": {
      "n": 6006,
      "base_rate": 0.16666666666666666,
      "accuracy_at_0.5": 0.833999333999334,
      "brier_score": 0.13981204250316684,
      "brier_baseline_constant": 0.1388888888888889,
      "brier_skill_score": -0.006646706022801263,
      "log_loss": 0.45092099361973353,
      "top1": {
        "n_events": 1001,
        "top1_correct": 235,
        "top1_accuracy": 0.23476523476523475
      }
    },
    "ensemble": {
      "n": 6006,
      "base_rate": 0.16666666666666666,
      "accuracy_at_0.5": 0.8364968364968365,
      "brier_score": 0.12249594781833023,
      "brier_baseline_constant": 0.1388888888888889,
      "brier_skill_score": 0.1180291757080224,
      "log_loss": 0.3929592476404192,
      "top1": {
        "n_events": 1001,
        "top1_correct": 373,
        "top1_accuracy": 0.3726273726273726
      }
    },
    "kalshi_mid": {
      "n": 6006,
      "base_rate": 0.16666666666666666,
      "accuracy_at_0.5": 0.8714618714618715,
      "brier_score": 0.09098397852147853,
      "brier_baseline_constant": 0.1388888888888889,
      "brier_skill_score": 0.3449153546453546,
      "log_loss": 0.290796236907558
    }
  }
}