{
  "generated_at": "20260616T211123Z",
  "n_capture_files": 11,
  "n_unique_markets": 1404,
  "n_resolved": 1068,
  "summary": {
    "climatology": {
      "n": 1068,
      "base_rate": 0.16666666666666666,
      "accuracy_at_0.5": 0.75,
      "brier_score": 0.16916704375589453,
      "brier_baseline_constant": 0.1388888888888889,
      "brier_skill_score": -0.21800271504244062,
      "log_loss": 0.5452475294939559,
      "top1": {
        "n_events": 178,
        "top1_correct": 27,
        "top1_accuracy": 0.15168539325842698
      }
    },
    "forecast_blend": {
      "n": 1068,
      "base_rate": 0.16666666666666666,
      "accuracy_at_0.5": 0.8286516853932584,
      "brier_score": 0.14393290959422944,
      "brier_baseline_constant": 0.1388888888888889,
      "brier_skill_score": -0.03631694907845184,
      "log_loss": 0.4638472430104537,
      "top1": {
        "n_events": 178,
        "top1_correct": 37,
        "top1_accuracy": 0.20786516853932585
      }
    },
    "ensemble": {
      "n": 1068,
      "base_rate": 0.16666666666666666,
      "accuracy_at_0.5": 0.8408239700374532,
      "brier_score": 0.12394773663924143,
      "brier_baseline_constant": 0.1388888888888889,
      "brier_skill_score": 0.10757629619746178,
      "log_loss": 0.39168332098884484,
      "top1": {
        "n_events": 178,
        "top1_correct": 60,
        "top1_accuracy": 0.33707865168539325
      }
    },
    "kalshi_mid": {
      "n": 1068,
      "base_rate": 0.16666666666666666,
      "accuracy_at_0.5": 0.897003745318352,
      "brier_score": 0.0703065543071161,
      "brier_baseline_constant": 0.1388888888888889,
      "brier_skill_score": 0.4937928089887641,
      "log_loss": 0.22699267716935143
    }
  }
}