{
  "generated_at": "20260625T202817Z",
  "n_capture_files": 21,
  "n_unique_markets": 2778,
  "n_resolved": 2514,
  "summary": {
    "climatology": {
      "n": 2514,
      "base_rate": 0.16666666666666666,
      "accuracy_at_0.5": 0.7370723945902944,
      "brier_score": 0.1698719108483608,
      "brier_baseline_constant": 0.1388888888888889,
      "brier_skill_score": -0.22307775810819774,
      "log_loss": 0.54535605865672,
      "top1": {
        "n_events": 419,
        "top1_correct": 72,
        "top1_accuracy": 0.1718377088305489
      }
    },
    "forecast_blend": {
      "n": 2514,
      "base_rate": 0.16666666666666666,
      "accuracy_at_0.5": 0.8313444709626094,
      "brier_score": 0.14161673651355836,
      "brier_baseline_constant": 0.1388888888888889,
      "brier_skill_score": -0.019640502897620093,
      "log_loss": 0.4559239572913655,
      "top1": {
        "n_events": 419,
        "top1_correct": 92,
        "top1_accuracy": 0.21957040572792363
      }
    },
    "ensemble": {
      "n": 2514,
      "base_rate": 0.16666666666666666,
      "accuracy_at_0.5": 0.837708830548926,
      "brier_score": 0.1214558564861945,
      "brier_baseline_constant": 0.1388888888888889,
      "brier_skill_score": 0.12551783329939958,
      "log_loss": 0.38475669598321394,
      "top1": {
        "n_events": 419,
        "top1_correct": 156,
        "top1_accuracy": 0.3723150357995227
      }
    },
    "kalshi_mid": {
      "n": 2514,
      "base_rate": 0.16666666666666666,
      "accuracy_at_0.5": 0.8826571201272871,
      "brier_score": 0.08194611177406524,
      "brier_baseline_constant": 0.1388888888888889,
      "brier_skill_score": 0.40998799522673024,
      "log_loss": 0.2623470182561904
    }
  }
}