{
  "generated_at": "20260626T201150Z",
  "n_capture_files": 22,
  "n_unique_markets": 3018,
  "n_resolved": 2682,
  "summary": {
    "climatology": {
      "n": 2682,
      "base_rate": 0.16666666666666666,
      "accuracy_at_0.5": 0.7397464578672632,
      "brier_score": 0.16814346432565208,
      "brier_baseline_constant": 0.13888888888888892,
      "brier_skill_score": -0.21063294314469472,
      "log_loss": 0.5392915036963021,
      "top1": {
        "n_events": 447,
        "top1_correct": 83,
        "top1_accuracy": 0.18568232662192394
      }
    },
    "forecast_blend": {
      "n": 2682,
      "base_rate": 0.16666666666666666,
      "accuracy_at_0.5": 0.8322147651006712,
      "brier_score": 0.14108749577415985,
      "brier_baseline_constant": 0.13888888888888892,
      "brier_skill_score": -0.015829969573950775,
      "log_loss": 0.4543135104024445,
      "top1": {
        "n_events": 447,
        "top1_correct": 100,
        "top1_accuracy": 0.22371364653243847
      }
    },
    "ensemble": {
      "n": 2682,
      "base_rate": 0.16666666666666666,
      "accuracy_at_0.5": 0.8385533184190902,
      "brier_score": 0.12072569535537475,
      "brier_baseline_constant": 0.13888888888888892,
      "brier_skill_score": 0.13077499344130206,
      "log_loss": 0.3826353639007643,
      "top1": {
        "n_events": 447,
        "top1_correct": 168,
        "top1_accuracy": 0.37583892617449666
      }
    },
    "kalshi_mid": {
      "n": 2682,
      "base_rate": 0.16666666666666666,
      "accuracy_at_0.5": 0.877703206562267,
      "brier_score": 0.08484132177479492,
      "brier_baseline_constant": 0.13888888888888892,
      "brier_skill_score": 0.3891424832214767,
      "log_loss": 0.2696885187240934
    }
  }
}