{
  "generated_at": "20260702T195228Z",
  "n_capture_files": 27,
  "n_unique_markets": 3846,
  "n_resolved": 3576,
  "summary": {
    "climatology": {
      "n": 3576,
      "base_rate": 0.16666666666666666,
      "accuracy_at_0.5": 0.7267897091722595,
      "brier_score": 0.170063475060182,
      "brier_baseline_constant": 0.1388888888888889,
      "brier_skill_score": -0.22445702043331028,
      "log_loss": 0.541592233190846,
      "top1": {
        "n_events": 596,
        "top1_correct": 114,
        "top1_accuracy": 0.1912751677852349
      }
    },
    "forecast_blend": {
      "n": 3576,
      "base_rate": 0.16666666666666666,
      "accuracy_at_0.5": 0.8350111856823266,
      "brier_score": 0.1389898180807133,
      "brier_baseline_constant": 0.1388888888888889,
      "brier_skill_score": -0.0007266901811358029,
      "log_loss": 0.448433798873081,
      "top1": {
        "n_events": 596,
        "top1_correct": 143,
        "top1_accuracy": 0.23993288590604026
      }
    },
    "ensemble": {
      "n": 3576,
      "base_rate": 0.16666666666666666,
      "accuracy_at_0.5": 0.8422818791946308,
      "brier_score": 0.11784408809635287,
      "brier_baseline_constant": 0.1388888888888889,
      "brier_skill_score": 0.15152256570625933,
      "log_loss": 0.3744113904422504,
      "top1": {
        "n_events": 596,
        "top1_correct": 241,
        "top1_accuracy": 0.40436241610738255
      }
    },
    "kalshi_mid": {
      "n": 3576,
      "base_rate": 0.16666666666666666,
      "accuracy_at_0.5": 0.8800335570469798,
      "brier_score": 0.08278095637583892,
      "brier_baseline_constant": 0.1388888888888889,
      "brier_skill_score": 0.40397711409395987,
      "log_loss": 0.26395597586290764
    }
  }
}