{
  "generated_at": "20260618T205414Z",
  "n_capture_files": 14,
  "n_unique_markets": 1602,
  "n_resolved": 1404,
  "summary": {
    "climatology": {
      "n": 1404,
      "base_rate": 0.16666666666666666,
      "accuracy_at_0.5": 0.7528490028490028,
      "brier_score": 0.17103588747868975,
      "brier_baseline_constant": 0.13888888888888892,
      "brier_skill_score": -0.23145838984656586,
      "log_loss": 0.5511850731155611,
      "top1": {
        "n_events": 234,
        "top1_correct": 35,
        "top1_accuracy": 0.14957264957264957
      }
    },
    "forecast_blend": {
      "n": 1404,
      "base_rate": 0.16666666666666666,
      "accuracy_at_0.5": 0.8283475783475783,
      "brier_score": 0.14477523087135985,
      "brier_baseline_constant": 0.13888888888888892,
      "brier_skill_score": -0.0423816622737907,
      "log_loss": 0.46482432173523897,
      "top1": {
        "n_events": 234,
        "top1_correct": 46,
        "top1_accuracy": 0.19658119658119658
      }
    },
    "ensemble": {
      "n": 1404,
      "base_rate": 0.16666666666666666,
      "accuracy_at_0.5": 0.8347578347578347,
      "brier_score": 0.12511367643170254,
      "brier_baseline_constant": 0.13888888888888892,
      "brier_skill_score": 0.09918152969174188,
      "log_loss": 0.39417853236164946,
      "top1": {
        "n_events": 234,
        "top1_correct": 78,
        "top1_accuracy": 0.3333333333333333
      }
    },
    "kalshi_mid": {
      "n": 1404,
      "base_rate": 0.16666666666666666,
      "accuracy_at_0.5": 0.8903133903133903,
      "brier_score": 0.07447106481481482,
      "brier_baseline_constant": 0.13888888888888892,
      "brier_skill_score": 0.4638083333333335,
      "log_loss": 0.2400865997543875
    }
  }
}