{
  "generated_at": "20260623T203319Z",
  "n_capture_files": 19,
  "n_unique_markets": 2442,
  "n_resolved": 2178,
  "summary": {
    "climatology": {
      "n": 2178,
      "base_rate": 0.16666666666666666,
      "accuracy_at_0.5": 0.738751147842057,
      "brier_score": 0.169194909908179,
      "brier_baseline_constant": 0.13888888888888892,
      "brier_skill_score": -0.21820335133888857,
      "log_loss": 0.5431247893030308,
      "top1": {
        "n_events": 363,
        "top1_correct": 63,
        "top1_accuracy": 0.17355371900826447
      }
    },
    "forecast_blend": {
      "n": 2178,
      "base_rate": 0.16666666666666666,
      "accuracy_at_0.5": 0.8319559228650137,
      "brier_score": 0.14187192249583958,
      "brier_baseline_constant": 0.13888888888888892,
      "brier_skill_score": -0.021477841970044764,
      "log_loss": 0.4574195889553987,
      "top1": {
        "n_events": 363,
        "top1_correct": 81,
        "top1_accuracy": 0.2231404958677686
      }
    },
    "ensemble": {
      "n": 2178,
      "base_rate": 0.16666666666666666,
      "accuracy_at_0.5": 0.8370064279155188,
      "brier_score": 0.12284976925728895,
      "brier_baseline_constant": 0.13888888888888892,
      "brier_skill_score": 0.1154816613475198,
      "log_loss": 0.38803798190507144,
      "top1": {
        "n_events": 363,
        "top1_correct": 128,
        "top1_accuracy": 0.3526170798898072
      }
    },
    "kalshi_mid": {
      "n": 2178,
      "base_rate": 0.16666666666666666,
      "accuracy_at_0.5": 0.8847566574839302,
      "brier_score": 0.07969688934802571,
      "brier_baseline_constant": 0.13888888888888892,
      "brier_skill_score": 0.426182396694215,
      "log_loss": 0.25411937967654497
    }
  }
}