{
  "generated_at": "20260721T194954Z",
  "n_capture_files": 46,
  "n_unique_markets": 6234,
  "n_resolved": 5736,
  "summary": {
    "climatology": {
      "n": 5736,
      "base_rate": 0.16666666666666666,
      "accuracy_at_0.5": 0.7003138075313807,
      "brier_score": 0.17427020618903047,
      "brier_baseline_constant": 0.1388888888888889,
      "brier_skill_score": -0.2547454845610193,
      "log_loss": 0.5498130998669903,
      "top1": {
        "n_events": 956,
        "top1_correct": 171,
        "top1_accuracy": 0.1788702928870293
      }
    },
    "forecast_blend": {
      "n": 5736,
      "base_rate": 0.16666666666666666,
      "accuracy_at_0.5": 0.8343793584379359,
      "brier_score": 0.13927087078861927,
      "brier_baseline_constant": 0.1388888888888889,
      "brier_skill_score": -0.002750269678058803,
      "log_loss": 0.4492276416194012,
      "top1": {
        "n_events": 956,
        "top1_correct": 227,
        "top1_accuracy": 0.23744769874476987
      }
    },
    "ensemble": {
      "n": 5736,
      "base_rate": 0.16666666666666666,
      "accuracy_at_0.5": 0.8368200836820083,
      "brier_score": 0.12265939711527735,
      "brier_baseline_constant": 0.1388888888888889,
      "brier_skill_score": 0.11685234077000317,
      "log_loss": 0.3938493729886455,
      "top1": {
        "n_events": 956,
        "top1_correct": 355,
        "top1_accuracy": 0.3713389121338912
      }
    },
    "kalshi_mid": {
      "n": 5736,
      "base_rate": 0.16666666666666666,
      "accuracy_at_0.5": 0.8723849372384938,
      "brier_score": 0.09045872559274756,
      "brier_baseline_constant": 0.1388888888888889,
      "brier_skill_score": 0.3486971757322176,
      "log_loss": 0.28939345725767357
    }
  }
}