{
  "generated_at": "20260719T193456Z",
  "n_capture_files": 44,
  "n_unique_markets": 5898,
  "n_resolved": 5466,
  "summary": {
    "climatology": {
      "n": 5466,
      "base_rate": 0.16666666666666666,
      "accuracy_at_0.5": 0.703439443834614,
      "brier_score": 0.17383693687836388,
      "brier_baseline_constant": 0.1388888888888889,
      "brier_skill_score": -0.2516259455242198,
      "log_loss": 0.5497105300263759,
      "top1": {
        "n_events": 911,
        "top1_correct": 165,
        "top1_accuracy": 0.18111964873765093
      }
    },
    "forecast_blend": {
      "n": 5466,
      "base_rate": 0.16666666666666666,
      "accuracy_at_0.5": 0.8342480790340285,
      "brier_score": 0.13918712244579579,
      "brier_baseline_constant": 0.1388888888888889,
      "brier_skill_score": -0.0021472816097296565,
      "log_loss": 0.44909416836929794,
      "top1": {
        "n_events": 911,
        "top1_correct": 218,
        "top1_accuracy": 0.23929747530186607
      }
    },
    "ensemble": {
      "n": 5466,
      "base_rate": 0.16666666666666666,
      "accuracy_at_0.5": 0.8368093669959751,
      "brier_score": 0.12242707732314519,
      "brier_baseline_constant": 0.1388888888888889,
      "brier_skill_score": 0.11852504327335467,
      "log_loss": 0.393087846850987,
      "top1": {
        "n_events": 911,
        "top1_correct": 340,
        "top1_accuracy": 0.3732162458836443
      }
    },
    "kalshi_mid": {
      "n": 5466,
      "base_rate": 0.16666666666666666,
      "accuracy_at_0.5": 0.8723015001829492,
      "brier_score": 0.0904550036589828,
      "brier_baseline_constant": 0.1388888888888889,
      "brier_skill_score": 0.3487239736553238,
      "log_loss": 0.2889415873109319
    }
  }
}