{
  "generated_at": "20260605T201246Z",
  "n_capture_files": 8,
  "n_unique_markets": 564,
  "n_resolved": 228,
  "summary": {
    "climatology": {
      "n": 228,
      "base_rate": 0.16666666666666666,
      "accuracy_at_0.5": 0.7280701754385965,
      "brier_score": 0.18568124957392468,
      "brier_baseline_constant": 0.13888888888888892,
      "brier_skill_score": -0.3369049969322573,
      "log_loss": 0.6091911623855164,
      "top1": {
        "n_events": 38,
        "top1_correct": 4,
        "top1_accuracy": 0.10526315789473684
      }
    },
    "forecast_blend": {
      "n": 228,
      "base_rate": 0.16666666666666666,
      "accuracy_at_0.5": 0.8245614035087719,
      "brier_score": 0.164592552562033,
      "brier_baseline_constant": 0.13888888888888892,
      "brier_skill_score": -0.18506637844663731,
      "log_loss": 0.5335449814568268,
      "top1": {
        "n_events": 38,
        "top1_correct": 4,
        "top1_accuracy": 0.10526315789473684
      }
    },
    "ensemble": {
      "n": 228,
      "base_rate": 0.16666666666666666,
      "accuracy_at_0.5": 0.8289473684210527,
      "brier_score": 0.14089851992545513,
      "brier_baseline_constant": 0.13888888888888892,
      "brier_skill_score": -0.014469343463276774,
      "log_loss": 0.44781346685152296,
      "top1": {
        "n_events": 38,
        "top1_correct": 6,
        "top1_accuracy": 0.15789473684210525
      }
    },
    "kalshi_mid": {
      "n": 228,
      "base_rate": 0.16666666666666666,
      "accuracy_at_0.5": 0.8508771929824561,
      "brier_score": 0.09274440789473684,
      "brier_baseline_constant": 0.13888888888888892,
      "brier_skill_score": 0.3322402631578949,
      "log_loss": 0.28988969638962564
    }
  }
}