{
  "generated_at": "20260624T200839Z",
  "n_capture_files": 20,
  "n_unique_markets": 2682,
  "n_resolved": 2346,
  "summary": {
    "climatology": {
      "n": 2346,
      "base_rate": 0.16666666666666666,
      "accuracy_at_0.5": 0.7416879795396419,
      "brier_score": 0.1693518703674864,
      "brier_baseline_constant": 0.1388888888888889,
      "brier_skill_score": -0.21933346664590192,
      "log_loss": 0.5450613273585599,
      "top1": {
        "n_events": 391,
        "top1_correct": 67,
        "top1_accuracy": 0.17135549872122763
      }
    },
    "forecast_blend": {
      "n": 2346,
      "base_rate": 0.16666666666666666,
      "accuracy_at_0.5": 0.8320545609548167,
      "brier_score": 0.14180313488787066,
      "brier_baseline_constant": 0.1388888888888889,
      "brier_skill_score": -0.020982571192668775,
      "log_loss": 0.45663440179640097,
      "top1": {
        "n_events": 391,
        "top1_correct": 86,
        "top1_accuracy": 0.21994884910485935
      }
    },
    "ensemble": {
      "n": 2346,
      "base_rate": 0.16666666666666666,
      "accuracy_at_0.5": 0.8350383631713555,
      "brier_score": 0.12302949437658744,
      "brier_baseline_constant": 0.1388888888888889,
      "brier_skill_score": 0.11418764048857044,
      "log_loss": 0.3882718801978931,
      "top1": {
        "n_events": 391,
        "top1_correct": 141,
        "top1_accuracy": 0.36061381074168797
      }
    },
    "kalshi_mid": {
      "n": 2346,
      "base_rate": 0.16666666666666666,
      "accuracy_at_0.5": 0.8827791986359761,
      "brier_score": 0.08197849531116795,
      "brier_baseline_constant": 0.1388888888888889,
      "brier_skill_score": 0.40975483375959076,
      "log_loss": 0.2606942195933234
    }
  }
}