{
  "generated_at": "20260701T201337Z",
  "n_capture_files": 26,
  "n_unique_markets": 3750,
  "n_resolved": 3414,
  "summary": {
    "climatology": {
      "n": 3414,
      "base_rate": 0.16666666666666666,
      "accuracy_at_0.5": 0.7270064440538957,
      "brier_score": 0.16934084225334867,
      "brier_baseline_constant": 0.1388888888888889,
      "brier_skill_score": -0.2192540642241103,
      "log_loss": 0.5392358384696841,
      "top1": {
        "n_events": 569,
        "top1_correct": 110,
        "top1_accuracy": 0.19332161687170474
      }
    },
    "forecast_blend": {
      "n": 3414,
      "base_rate": 0.16666666666666666,
      "accuracy_at_0.5": 0.8350908025776216,
      "brier_score": 0.1386511786034167,
      "brier_baseline_constant": 0.1388888888888889,
      "brier_skill_score": 0.001711514055399821,
      "log_loss": 0.4473713033628254,
      "top1": {
        "n_events": 569,
        "top1_correct": 138,
        "top1_accuracy": 0.24253075571177504
      }
    },
    "ensemble": {
      "n": 3414,
      "base_rate": 0.16666666666666666,
      "accuracy_at_0.5": 0.8421206795547744,
      "brier_score": 0.11802022698531266,
      "brier_baseline_constant": 0.1388888888888889,
      "brier_skill_score": 0.1502543657057489,
      "log_loss": 0.37496231085323944,
      "top1": {
        "n_events": 569,
        "top1_correct": 229,
        "top1_accuracy": 0.4024604569420035
      }
    },
    "kalshi_mid": {
      "n": 3414,
      "base_rate": 0.16666666666666666,
      "accuracy_at_0.5": 0.8807850029291154,
      "brier_score": 0.0821422524897481,
      "brier_baseline_constant": 0.1388888888888889,
      "brier_skill_score": 0.40857578207381373,
      "log_loss": 0.2615446002907998
    }
  }
}