{
  "generated_at": "20260720T200551Z",
  "n_capture_files": 45,
  "n_unique_markets": 6138,
  "n_resolved": 5568,
  "summary": {
    "climatology": {
      "n": 5568,
      "base_rate": 0.16666666666666666,
      "accuracy_at_0.5": 0.701867816091954,
      "brier_score": 0.17380098298778057,
      "brier_baseline_constant": 0.1388888888888889,
      "brier_skill_score": -0.25136707751202003,
      "log_loss": 0.5489226265610078,
      "top1": {
        "n_events": 928,
        "top1_correct": 169,
        "top1_accuracy": 0.18211206896551724
      }
    },
    "forecast_blend": {
      "n": 5568,
      "base_rate": 0.16666666666666666,
      "accuracy_at_0.5": 0.8347701149425287,
      "brier_score": 0.1389966501265771,
      "brier_baseline_constant": 0.1388888888888889,
      "brier_skill_score": -0.0007758809113551646,
      "log_loss": 0.4486030483997653,
      "top1": {
        "n_events": 928,
        "top1_correct": 223,
        "top1_accuracy": 0.24030172413793102
      }
    },
    "ensemble": {
      "n": 5568,
      "base_rate": 0.16666666666666666,
      "accuracy_at_0.5": 0.836566091954023,
      "brier_score": 0.12264531991348045,
      "brier_baseline_constant": 0.1388888888888889,
      "brier_skill_score": 0.11695369662294086,
      "log_loss": 0.39371244262239774,
      "top1": {
        "n_events": 928,
        "top1_correct": 344,
        "top1_accuracy": 0.3706896551724138
      }
    },
    "kalshi_mid": {
      "n": 5568,
      "base_rate": 0.16666666666666666,
      "accuracy_at_0.5": 0.8717672413793104,
      "brier_score": 0.09095198006465517,
      "brier_baseline_constant": 0.1388888888888889,
      "brier_skill_score": 0.3451457435344828,
      "log_loss": 0.29057616202076575
    }
  }
}